score_range,Avg Transactions/Month,Avg Deposit/Redeem Ratio,Avg Unique Assets,Avg Transaction Size ($)
0-100,,,,
100-200,,,,
200-400,3.5609756097560976,inf,1.1997924234561494,1955776524075260.8
400-600,108.29714285714286,inf,4.255714285714285,4909718446371003.0
600-800,16.50485436893204,inf,3.045307443365696,3040312418910401.5
800-1000,28.293650793650794,inf,5.575396825396825,1089276648962041.5
